Accession,Sequence
Q8DWG7,MKLITSYFGRFNLENLLFEFASKLLSLLLLLIVFIIAKRVISYLFEKTIARSTALARYSQGRQKTLIKLFHNIMDYSLYFLLIYWILAIIGLPVSSLLAGAGIAGVAIGLGAQGFLSDLVNGFFILLERQFDVGDSVKLRATTGSISGTVSSVGIRTTQIRDFDGTLHFVPNRNITIVSNLSRGDMRAQIDIPIYANTNLRQVTTIIKQVNEDNISQFPEIVGVPNILGATTSPVTGQIVFRIDIFVQNSKQNHIYYTFYRLYQEALLANHISLPTANAIPIAKK
Q8DVC2,MTMSTFIIAILIAVGAFLGIRHYIKQKGSCGDCDCACPVKDEMKKSSKTH
Q8DW27,MKRKFIILISLFVSLLIVTACDLQNVNQSIKKAQQAVNKRDDKMTVSDFFKKVKRANRSVETVHFDMTTDVESRTRKHQTMTADIGYDSYTASINRANIIIEETINGVDSYQELVGNQNSSQSRTSKDGNWTKSNAAGSYRVHPSYFNFLKVLYTMKDDLVLKQSGNVYRLGLRSQNVDIVSLFKEELNLYLRGVSQSELKKGFEVTFDKKTFHLKTFKLSLSYAGSRGQLDMIAKGEFSRWNKLSDSQFSVSDSDA
Q8DVV8,MDILTLLLALTACFISSAIFLKLDKNQSGLEKKLDDNADNLSDQVSYQLEVANKNQLLAINQQLTRLQNDLSQQLTDLREVLHQNLNDSRDRSDKRLEQINLQLNQSVKEMQTSNEKRLEEMRQTVAEKLDQTLHTRLKTSFETVSKQLENVNQGLGEMKNMARDVGTLNKVLSNTKTRGILGELQLSQIIEDIMTESQYEREFATVKDSKERVEYAIKLPGNQQGTYVYLPIDSKFPLENYYRLEDAYDLGNKEQIDLYRKKLLSSIKTFAKDIQKKYLNPPETTNFGIMFLPTEGLYSEVVRNASFFDALRRDEHIVVAGPSTLSALLNSLSVGFKTLNIQKNADDISKILGNVKTEFAKFGGLLQTTKKQLNQASNNIDKLLTTRTNAIGRALRNIELYEDESTKSALNLPPLEDEESNEN
Q8DSI3,MSIENYRPDFVVEAVYDLTPDSLRKHGIKAVLVDLDNTLIAWDHPDGTPQLRDWLDSMTEADMPVVVVSNNSYTRVKRAVKGFHVDFVSRALKPFSRGINMAVNRYGFSKDEVVMVGDQLMTDIRAAHRAGVKSILVKPLVKSDAWNTKFNRARERRVWKKIEDKYGAFVYKKEI
Q8DV27,MKRKRNLYFLIGLFLTVFLLIGCSMQKKTKSESSSTSQKTTLQTKQSSEKSTDAKQTTEAHSESSQSSSHSNNEETLAPIDTGAVLKADYSSMAGTWKNEEGQTLTFDQRGLTTPGMTVSLLNIDQDGNLLLNVETGTKKNLTLYIVPANKTLSNQYFSNGQSDESDKTKDRIVSSESLNSGKFTNRVYYHVSTH
Q8DT98,MPDKKREVSLSHRLQEVASFVPKGARLLDVGSDHAYLPIYLLEQGLIDFAVAGEIIKGPYESAVANVSESELSGQIAVRLADGLAALNDNDDIDLITICGMGGRLIADILAAGSDKLNSVKQLILQPNNCEDDLRSWLVANDFMIKAEKMVKDRHKYYEILVVEKGKITLSDKDLRFGPFLRQERSSIFKERWRKELAKLELALTKVPAKKKADNMFLSTKIEQIKEVLYES
Q8DW89,MNLVGIVGTNSERSTNRKLLRFMAEHFAPQAAIEVLEIKDLPAFDEPENKTAPAAVTAFSKKIAAADGVIIATPEYNHTIPAPLGSALEWIAYTSRVLVNKPVMIVGCSLGALGTSRAQAHLRQILDAPELKARVMPGTEFFLGHSEHVLDDDFNLNNPEKVAELEEHFTEFQDFVIVTNQIVKQADTDRKKAFVWEAGE
Q8DTW2,MLMLNKRYQLENIDLTHLTPEQVDKISTDSLAKIQQFVTAHSEEVPLVKGASLLAEHLEKFQNSLRTSTKSQLSEKLAAADAARDSSLSILNQFVRTYSQIDEADIQEAYAKIAEQFSQFKNIANKSYEEESAALVQLLKKLKSSDFKASVKTLGLDSHIARLAQAQETFETVYQARLNEGKGKVKSQSKALKQTLIDSYDSLVDYIAVNAYHHTDKSHLKDLLADINAIRKCYKKRKVVKKAEAVTEEKE
Q8DW46,MANITTSLFQGMVQAAATRLGKQAEYVNSLNVFPVPDGDTGTNMGMTMDNGAKEVSDKPASTVGEVGQILSKGLLMGARGNSGVITSQLFRGFGQSIKNKEELTGKDLAQALQAGVEVAYKAVMKPVEGTILTVSRGAATAAIKKSENTDDTVEVMQAALDGAKAALAKTPDLLPVLREVGVVDSGGQGLVFIYEGFLSALTGDYIISEDFQATPANMTEMINAEHHKSVASHVATEDITFGYCTEIMVALKQGPTYVKDFNYENFRNYLNNLGDSLLVVNDDEIVKVHVHTEDPGLVMQEGLKYGALVKVKVDNMRNQHDAQVQKENTTADLPREAKKFGIIAVVAGEGLAKIFKSQGVDYIISGGQTMNPSTEDIVKAIESVKAESIIILPNNKNIFMAAQSAADVVDVPAAVVETRTIPQGLTSLLAFNAANSLEDNLVAMTESLTDVVSGSVTRAVRDTTIDGLDIHKDDILGMVNGKILVSNPDMDQVLHQLFKKMIAEDSEIVTIYVGEEGSQEQAQKLAEDFENQHEEIEVEIHQGDQPVYPYLMSVE
Q8DTV3,MKIHVPFKNHIIPDAYAKKASETNKGYAVKSFPFEIVDIPENAKTLAWTLVDYDSIPVCGFAYIHWTVANVPTDVTVISEDFARQDQKHLKGKNSLVSKFLTTDYSDMYDGYLGPYPPDKDHHYTLTVYALDDDLSLDAGFYLNELLHAIEGHVIAQAQMDLVGRA
Q8DT82,MRLTDNFSVAKSKFEADYPQLSEKLLDRTLENLSKEDNIFIFPHDLLESPDLEKDGKVLETVSGQIKTQNIIGFLGYENERLTIHSRFANGDDNYFLHYMLQKVLQLNLTSLDVGLSQEDSWYQLLIYLFPKYLQAALRKGLYKEYQRFFYNDSHVKGTIEVARHIKKNVPFTGKITYSTREFSFDNALMQLIRHTIAFIQHTVPNGRALLSSSASVRENTAEIVRVTPSYKFSDRAKIIHLNQTCPIRHAYYYEYGKLQQLCLMILHQTKHGLNQSQQKIHGLLFDVAWLWEEYLATLLGEDFEHPQNKVSKGGISVFQSGNGRKVYPDFYSRPLGVVLDAKYKKLEKGIAREDLFQLITYSYISKAQLAGLIFPSTGKEIDNDIGTLEGYGGILKKWSLLIPQKSSSYDDFVKQIQESEKIFQETIQKLLNESECTL
Q8DWN7,MYELGSLVEMKKPHACTIKTTGKKANCWEVVRIGADIKIKCTNCDHVVMMSRHDFERKIKKVL
Q8DSL6,MKMKLAHKNNTGEEQSLEDHSFNVANKAREDAEFIGQGDLLFLLGMFHDLGKADEKFQNKLTKNPTMHVDHAYAGAKYLYEKIKIRLSAKGVDKATRLQFNEIVAYVIAAHHGMFDIVDLESEQHAYNKLRNRIARPKSDYHFDSDVTNFANFLETKLEHYGYQDLGMLIDKSFENYQQALSKLDCQDSSEEVYYQSCFVRLYLSLLKNADILDTINAYGLLINPLKQEEKIRLNRSYLEAIEKKYGEFGSPTTRLNEIRSQIAERVKSRGESDSTGIYRLDLPTGAGKTNLSMRYAFHQLVDQDRSRFFYITPFLSVLEQNAAAIKKVIGEDGVLEHHSNVVQNKQENEDKGDEKESLLPEYLIESWDSPVVLTSMVQFFQTLFKTKSANIRRFSSLANSVLILDEVQSLPIEVTALFNLTMNFLNKVMNTTIILCTATQPAYDSTAIKHKLSYGGKYGEATDMVELTHDEKEVFSRTELRKFDETNQNSKLSDLVDFVLENDESILVIFNTKKTVDRFYSLLEKLTDRPIYQLSTNMCAQHRLDIISEIKQGLEDGIPLICISTQLIEAGVDVDFNHVIRSYAGIDSIVQASGRCNREGKRDKGQVTLINLTSEEENISPLKEIKAKKDATEYILHKISSPIDTSLLNRDFFEYYYANNQGSMDYPLEHDGESVYDYLSVNFYQKKVGFKGKLKQAFKTAGLKMNLINNETIGILVPYRDAAEKLLILEELCKSDYPSEEDYRAIKALLKELQSYTVNVREHNQILEATKPYLNGQIQILSDSYYDDKKGITLESASFLM
Q8DVE7,MSIISIISWVIIFAFVAWFVWNYFRVRRAAQYISNAEFESMMRGAQIVDLRSPNEFRRKHILGARNLPSEQFKASVSALRKDKPVLLYDNTRGQLVARAVLTLKKAGYKDLYVLKNGLDNWNGKVKEKN
Q8DSZ1,MNDIYFDDNRHNWNDRARLHEEAGYGIDKLLSDRDYITPEVEQDKDLIGDLTNKDVLHLQCHLGTDTISLARLGARRVLGLDLSDESLRRARNLAKKAGVSIDFIEGNVYDAREVIVGDFDLIYTSLGVLCWLPDITAWGRVVASLLKSGGKFIIRDDHPMFMTIGEDVRDGFKIEQPYFEQSQPMTWEDEGSYIETDASFEKIKNTRNHQWNHALSEIIMALINAGLQIDLVSESQHAAWNIWPHLMEKCSDGSYRLKKHSEVLPLQFLISAHKPEA
Q8DVI6,MASKEKWTELFEKVIGRKPTPQEFLEGKKGFFDLKEIKKIAGVDKADDLQETSSDIKQAILGNSITAVKPDNESSKEETKSTDKPVSTEVDKSPKQLWVEAFEKTIGRQPTPEEFISGRNQDFDLAKISQLVEKESVSKTSNLAKAPFTKGKKILITLGLVCLLALVVGYIYGNQYFSREAVAQRYLKVANSNFDKALEFEVWSDTEKPIKKSELTYRNSKETRTVTMDKLTSDASQMKKVGNKFLIFPDWRVAIKPASAKISINTKGLELFINDKRVTKADSDSFSQTISRLYPGTYNFVAKGNISGQKVEVSSEEKLTNHSTINLNVKYLSFKVNSNLTDGDLYVGSRKIGTLKDGKYNVTKLAVTDTSKIYVQKSFSGKATLKSEVQSIEDVYDGDTISLDAKGVLDRDTADSLITQAYYKLDSYASSHTTPDDLDDIFTSGNHNNFYLDVKNTIDTNTTNAKNRSADSINFSDVDVTKVTQTSPTTYAVEFTVVYDFYYSYSSEHKSSGSITQKLSWSALVEYVGDNKKNSSDSYSYNSYEDYRITSDNGKSSVLSTKNTVD
Q8DT15,MKNQEKISAYQILLAQAQSMFANETNALANLANATAMLNKTLPNAIFTGFYLFDGEELVLGPFQGGVSCVRIALGKGVCGQAAAKKQTLIVGDVTKHDNYISCDSAAMSEIVIPMVKDGQLIGVLDLDSHLVGDYDVIDQGYLEQFVTILLEKTNWHFDMFGVKD
Q8DT89,MNYLDLALKYGGFTSLDKVYLQNKLAFLSDEEKLSFITPPPSVINAYFAELYQKESPQAATDYYFELSRNLHLFTDKPSFDEQKPFVRLNLSGKSYGFAYENEEEEAQVFSEKKEEITDSLLFDLAQIFPQYKIFSDNQQIKMKKMNFDEYQSETLENAAALLSDISRLQDGTIKIRSFNQEEVIELAQAYSGRRYYSYAQNQAVLYLKED
Q8DTF6,MPRRRASRRKSKKKAVFSILLTGITLIIIGLAVYFISAYFTNTKKTANKEKTQTHIVNPKKDPEEKKEADSASKATSKFDLTTIATGDYSSAAGTWQNELGDQLKFNASGLESATIQNATDFTISSGQATNDGLYQATLTSADSTVVYNLLFVKGGTAIPENYFTTGYSDTSDTSRDRLYISSQTTFGSDDFSKGIFYKSEN
Q8DW34,MELHAYWKRSDFAAATDKSSKRLSKFQALEAKIARRQKFYPLLVGWLFPMVSAILILISIVLYATWKVVLGQRKTARHMHLFSPPADLSPLILSRYVYDLEIQELSPLKTKRKRYDLGFKQLIQASLLDLIDQGKLVIADDHKSFFVPDWNRLESYEKRFLIFVYGDNKKTMPIDGAFDDYKIDKSIFKGSNETEIRRRGGDILHLFENRMEKLDKAVKNKISSLSLNDIHRERTGEEKTQLILVYFFASTAMLFAFFVGAFALIKGYWLGLGTNLLLLIVASLFLIFYRRKDDYYKVSSLLTQEGLAIKQGWDSFENMIRDIKRFDDVELEGVIIWNRILVYATLYGYAERVQNYLKVKNIHLQNPQMNTYLEINPSYYVGQSTADLSTYTSTATSASNFSVSSGGSSGGGFSGGGGGGGGGAF
Q8DSW4,MNQNEWLNQFRSVNGREPSQEELQAAFQRGEFSQTVPAAKRKMKTSTIVIISVISILAALLLIAGGGTVYYYVSGNADGVWENTYSYYYSSKKHRWVSATRENKQNNFEDETFLDIKKNSVKTYSYYVAKNSEDFTSTSSYSHIRSMYKTNIWQRKFDLSITQAEYMKDIRKYINNFFKTQYTSDQDLKELQDNYKKTYKEIKKGKVTYQRKGKQLIVKTYNKKGRLIEQDVYIKRTGKAVTKLYHNYRKAEKAERARLDKLNAMSY
Q8DTC5,MFKRFFTKRLWLTLVSIFFAILLFLTANSVNYGSRNQTTGLLQTYNHTLENVPIDIKYDSNKYFISGYSYDTEVYLTSTNRVKLDSEINNDTRHFKVVADLSNAKEGTNKVPLEIKDLPSGVSAEASPTTINVTVGKKKTKTFKVVGKVSDNQIADGYKLKKISTSASEVEVTSDESTIEQIDHVVAVLPENQVLSKDYSGSVTLQAVSENGKILPSIIDPTKTDLEVEVEELSKKVPIIVELTGQINSSLSDIRYELATKEVLIYGKQENLEKISYIKAKVNISDVTKDTTKTIPLAADNLKISPAKVTVKLTAKKK
Q8DVZ0,MKLTTLGCWGAYPYKDEGTTSYLLTGEDGFQLLIDCGSRALNELEKEISPLDLDAVIISHYHPDHVADLGVLRHYFQLYPKHLWTPKVLPIYGHDQDTYEFSKLTLDGVSEGRAYNVNGLEQIGPFDITFIKTVHPVVCYAIRIVERTTGQIFVFTGDTGYFEDLDKFAAGADLFLADVYLYEGNENHIAHLTTKEAGQIASAAKVKRLVLTHMPPVPPAGIDPDNHLEILRSQTEAYSNGIPVELATPHKSWQIGNC
Q8DVI7,MNKEDWLDYFEAINGREPSAKEIAEALAIGEFQDDATTDVAFEESSSNDTVAEVVEEKEASSIGADPIAYPKEQMPLAHSNNIANSKQQVEQLKEKGKNYLSWFLEGLKHPVAESSNSQFIYGLITLFLAAVLLAAGLVNYINRIFTSIINMTVSGESLKLKEPETFSMIEDAIRTNFGFSKVIVVTLIIFLAYAILAVLPAFINKFTSKSQENVTELLGKYVAYTPLLAVVNFLILVVSFFTSDKLVVSSKYAYQIASSFETVASSPSEGLSSVSRLIKEVPAIHSIQTVCVYLTILSIISLAVLLVAFLKNIKVSIGTLNNFYVTLISFLVFILIIFFMDKSLLSNLLHGLDSLKDSLAKLF
Q8DTU5,MRIHFILHETFEAPGAYLAWAALRGHDVSMTKVYRYEKLPKDIDDFDMLILMGGPQSPSSTKKEFPYYDAQAEVKLIQKAAKSEKIIVGVCLGAQLMGVAYGADYLHSPKKEIGNYLISLTEAGKMDSYLSDFSDDLLVGHWHGDMPGLPDKAQVLAISQGCPRQIIKFGPKQYAFQCHLEFTPELVAALIAQEDDLDTQSQTETYVQTAEEMQTFDYSSMNQALYSFLDRLTERK
Q8DUY7,MVTKRNFMTEKIRLIATDMDGTFLDASGQFDHQRLDDLLKKFKAKNLIFTIASGRSLLTLEKLFKDFTDRIAIIAENGSLIQYKNQVLFEQLMTPSQYLDLTAKILENPYNQGVELLLSGKKAAYILAESPQSYIDFMKGYYENIQLVENFEQLDDAIFKITTQFPAEYVHKGAAWLNERLPHIQAVTTGFESIDIILRGANKGFGLSHLCQVLKLKSEHVLAFGDNLNDFEMMDFADVAIAPENARVEIKELADEVIPHHQEQSVITYMEGMIKE
Q8DUY6,MTEIKLLALDLDGTLFNTKKEVSLENKEALKAVREKGIKVVITTGRPLKAIEHLLEELDLLSKDNYLITFNGGLVQKTTGEILEKSALSRKQVETIQTEMEHLALPVDVLSDGIVYSISNQNNHSLYPIANPMLTFREIDGLPQLPLDIIYNKVVIVCDADFLDQQIEKIPAYFYEKFEVFKSRDIILEIMPKGVHKAVGLNLLTKHLAIDQSEVMAMGDEENDLSMLEWAGLSVAMANGAPIAKETADAVTKKTNDESGVAEAIKKYILNED
Q8DUS0,MKQLKKIWDMLGKQKLLIFIFIFALNVTLRNYDLLIGRRANSSLSFKVISKNFDIMIEHWEALPSHFKIIGGVCLVIYVLSILGLSFYLSKNLKKTFFIELLLGYGLYIVISYFLAVTRELNNESFKIWDLAKNHFFQPYFLPTLVLIIVCTLALNYLIRVKMKRSHLSRKMTLLLENFSETEFLLTGLIVSFILSDTLYVKLLQESLRAYYHKPLAYESLLFLYTLLTLILFSVIVEACFNAYRSIKLNRPNLSLAFVSSLLFATIFNYAFQYGLKNDADLLGKYIVPGATAYQILVLTAAGFFLYLIINRYLLVTFLIVILGSIITVVNVLKVGMRNEPLLVTDFAWVTNIRLLARSVNANIIFSTLLILAALILLYLFLRKRLLQGKITENHRLKVGLISSICLLGFSIFIIFRNEKGSKIVNGIPVISQVNNWVDIGYQGFYSNASYKSLMYVWTKQVTKSIMDKPSDYSKERILKLAKKYNNVANKINKVRTENISNQTVIYILSESFSDPDRVKGVNLSRDVIPNIKQIKEKTTSGLMHSDGYGGGTANMEFQSLTGLPYYNFNSSVSTLYTEVVPDMSVFPSISNQFKSKNRVVIHPSSASNYSRKYVYDKLKFPTFVASSGTSDKITHSEKVGLNVSDKTTYQNILDKINPSQSQFFSVMTMQNHVPWASDEPSDVVATGKGYTKDENGSLSSYARLLTYTDKETKDFLAQLSQLKHKVTVVFYGDHLPGLYPESAFKKDPDSQYQTDYFIWSNYNTKTLNHSYVNSSDFTAELLEHTNSKVSPYYALLTEVLDNTTVGHGKLTKEQKEIANDLKLIQYDITVGKGYIRNYKGFFDIR
Q8DW48,MIHHQSTIIYCLLVLWGLTEWFIKSRTKKNVSNSSQDKGTRYVIIASVVLSIAMLNNPFNINILLPEWGIYLGILLMILGIIFRVYAINYLGKAFTLTVQATDNQKLISSGPYSIVRNPAYTGTIISILGLAFITLNIFNILIVFIILSIGYAIRIRTEEEVLEQHFGRIYQDYCQKVKYRLFPFIW
Q8DT94,MKHEWRKFEKELYGVKAKPIFLEVEEQRFITIKGKGNPNDQDFSNRVSALYALAYGIKMAYKQAMKTEQDDRAVTDFAVYPLEGLWQQAKDAKEDTLEKDKLSYTIMIRQPEFITKELVDQALDRVKIKKPNSFYESISFESIKDGKCIQVLHIGSYDDEPQSFAKMDAFAKEHGLKRSSDIHREIYLSNAQRTEKSKLKTILRYQVEEK
Q8DWI5,MSKKFLFNRSVFSNAKGHDVKRKSSKGLVTGIALAGAIVLLGGSQIASADNVTASENNTTTSSTAADTDTANSQTVDSTDSDNSQVTSETVSSKNSTASSEAASESNEAETNNDATASESADQSDDELSDETTSNEAQVKSQSVNALESAKYDKDDDEEEEEVNEYKEDDKSEKADIKFDNTGVKTTSSGVNIDGKNITITSAGTYTITGSASGYSISVADKVTDTVKLKLDAVNLTDSTLYSSRDLDIKVLSDSSISSSLKNTIETGGALYISSKKKSGLKVTSTAGHAIKANSLEADKVTLELSSTAKDGINATSNVSIKKSNVTISAEDDGIQAEDNTDVNSGDIQIKDSIVKITSTSKGITANDEITVKGSTFITITSGSEGIEGRYVNLKKGQITINAGDDAINATEWTTKDDADLSHLKNSKKDIENEVAIVISGANISGIGKDDGVDSNGNLYITDGSLKIQSITDYSSAIDYDGTGFASGGTTWAIGHMGFAQGFSKGTKQAYIAAIVSGLAGDTITITDSKGHIVAKTKADVDFDHVVFSNKTIKAGKTYTVTTSDGHKAVIKATKDTTTHPSGRHVSKDTVPLLPNGHHPAFPGNGTPPNDKN
Q8DSY9,MDYLDMLIDSLNRVRERFWRMFKGVTVEQANCFPVADTAPQIKSLTWLAWHTARELDLQISALAGQESIWDSQGFKEYFPFEVAETEDGWDHSLEQAQKIKVDHLDDVLDYLNDATDFAILYLKSLNPECLDDIVDDSWTPAVTRGVRLVSIIDDAAMHSGQAIYARRLLGLKD
I6L909,MADYLLVIDMQSDYVAAGKAYDSEALTAAVNDKIASYSRDHVIYIVNRFFWELTRKPKNFAIGLSLVSDRVFEKRQASCFTNQNLTRFLEESGAESLEFIGVDGNGCVNASILAAAHKGYQVSVDLSYLGVINKEKFQKTLQQWQIAGIVTRGELP
Q8DSY3,MNSLLATVITGMVTDENANSYFIQKDGLTFALDKKEGQHKIGDMIKGFVYTDIHQKARLTTANIETTRTTYGWGTVAGVRRDLGVFLDVGLPDKQFVVSLDVLPELKELWPKKGDKLYVHLEIDKKDRIWAIPAEPDVFQKLAGPAYDNMQNQTWPAIVYRLKLTGTFVYLPENNMLGFIHPSERYAEPRLGQVVNARVIGFRKVDRTLNLSLKPRSFEMLENDAQMILTYLENNGGFMTLNDKSTPADIKATFGISKGQFKKALGGLMKARKVKQDINGTELIDN
Q8DVG9,MRKDITPEMYNYNKFPGPQFVTFDNHVKSDDIDLLLLENVKNAFDVTVFTQRFSDILLKYDYIVGDWGNEQLRLKGFYKEEMQRETKNPYIGYLDDYLKEYCNFGCAYFVLENPNPKEIKSEEDNSQRRKRRDNRRKKRFNKNNAKMNLQEKLRREKIKERQAMREIQDAKNNFVIRKKEVK
Q8DU43,MGYSLSEEQRSQTLNLLGYSADKDTNVKTLNTSSYAKIMNVADDPSLQLYSSVKIQKLGNKETLDVQIVTPENITKVTQDMYRNAAVTLGIEHAKITVAAPIAVTGESALAGIYYSLEENGASVSEESKNLAQEELNTLSGINEENKGKESYDADKLNVALTDIKSAVADSGDKLTKDQVRKIVENTLKNYNLNSSMTDKQITLIVNFAFKLSKSEVIHNKGFKSTLNSLKDSIVANAKSTFKGLNLKFNANKAIESGKGFFAKIWQWLVNFFTGLFS
Q8DTA5,MYLDVIEPDHPDYLTALLVKADLYDTEGLTEVAREKLLEASQISQEPLVIFGLAEIEMNLSDFQAAIQHYAQLDNRAILEETGVSTYERIGRAYASLGKFETAIEFLEKAVEIEFDETTVFEVATLLYDQEEYQRANLYFKQLDSMNPDFAGYEYNYALSLHAEHQTKQALRMLQQGLSKNEFDSQLLLLASQLSYELHDKKAAENYLLKVLETAEDDEEALMRLSNLYLEENRFEDVINLDRADIDSVLTKWNIAKAYQKLEADTKALEIYDTLIVDLADNPDFLKDYIYILRKFGYDEKVKTFADKYLQLVPDDNDIADLREQLQ
Q8DV34,MVKVKISSNPYQKEILFDKWNNQAGVWKSISYQNNENSKLISDKMKRSFLPFTVKEIIDIIIEEYDDGSDIELQFEGTDDEFQELIYLVKEAPYSRIKVLKGGRSLENARKVLPRIATIFNKTLEIIPESLDDDSDIKKFKQSSDSSLIPLIIVGNYSSGKSSFINSLIGSDILPNSDRPITAKVFEIRKSPQPNVSQINFWVKDTAVQINIYDNAYTIVQGQECIVDVLPNIEQQFEQINVRNSDTILHMFLKVINQYEGTDNSFTISDLITIKVPFKQGILAESDKQYVIFDTPGSNSSSNKNHFKVLKKALQNMSNGLSLFVSDYTSLDTVDNENLYEELRSIKEIDDRFTLIIVNKADMAGLPKEGLDERQIQQILNQSIPRNLYSEGIFFVSSVMGLGSKNNGQFINDNYDRIFKKSLNEFNNSQSEYYQELYQYNIVPKQLVSRMKENVRKESKQLIYVNSGLFSIEDEIEMFANKYSAYNKCQQAKLYLEKIIERTDAEISRLKADSSRELKSLQEELERNKQKIIEEVDLKKQTNDKSFEADYTEQMQSKSIDKERLFSLSHLKDLSDRLYVNARIDFSLDSYEELNNQTNEKLKTNLKTNFESFRKTINFAAIKPAYNQLQDDFRDKNRNNEKYVKQKNKAFEQVSQQLLDHAKTTYQKELIELKNELFNLSVAFWELHSNKLKDNLSEVIGAAEALSFEKREDIKKLIFDYEYITLENDESKIFNRNNFKLGIQIGDLTLFGNSHKIDLKKLTNKYNQSLNEETEILVSQIKDYHLNNYKDWADNLLQVIKQNIVDFNPDLKKTNDLIVNKNFQIDDYELRLNQLKIYSQEIVNLLAWKKSN
